Slug,Prompt,Status
eleanor-vale,"Daz Studio 3D render of a 52-year-old British White female film actor, plain flat grey background, head and shoulders portrait, front-facing, neutral expression. Detailed skin texture, professional studio lighting. Total Extreme Wrestling character portrait style, generic character creator style.",Status
mateo-ionescu,"Daz Studio 3D render of a 32-year-old Romanian White male film director, plain flat grey background, head and shoulders portrait, front-facing, neutral expression. Detailed skin texture, professional studio lighting. Total Extreme Wrestling character portrait style, generic character creator style.",Status
calvin-stroud,"Daz Studio 3D render of a 60-year-old American White male film director, plain flat grey background, head and shoulders portrait, front-facing, neutral expression. Detailed skin texture, professional studio lighting. Total Extreme Wrestling character portrait style, generic character creator style.",Status
nadia-serrano,"Daz Studio 3D render of a 48-year-old Spanish Latino female film director, plain flat grey background, head and shoulders portrait, front-facing, neutral expression. Detailed skin texture, professional studio lighting. Total Extreme Wrestling character portrait style, generic character creator style.",Status
rina-matsuda,"Daz Studio 3D render of a 30-year-old Japanese Asian female film actor, plain flat grey background, head and shoulders portrait, front-facing, neutral expression. Detailed skin texture, professional studio lighting. Total Extreme Wrestling character portrait style, generic character creator style.",Status
jonah-pike,"Daz Studio 3D render of a 54-year-old Canadian White male film director, plain flat grey background, head and shoulders portrait, front-facing, neutral expression. Detailed skin texture, professional studio lighting. Total Extreme Wrestling character portrait style, generic character creator style.",Status
selma-korovin,"Daz Studio 3D render of a 57-year-old Polish White female film director, plain flat grey background, head and shoulders portrait, front-facing, neutral expression. Detailed skin texture, professional studio lighting. Total Extreme Wrestling character portrait style, generic character creator style.",Status
maris-quinlan,"Daz Studio 3D render of a 37-year-old Irish White female film actor, plain flat grey background, head and shoulders portrait, front-facing, neutral expression. Detailed skin texture, professional studio lighting. Total Extreme Wrestling character portrait style, generic character creator style.",Status
dante-vero,"Daz Studio 3D render of a 45-year-old Italian White male film actor, plain flat grey background, head and shoulders portrait, front-facing, neutral expression. Detailed skin texture, professional studio lighting. Total Extreme Wrestling character portrait style, generic character creator style.",Status
imani-brooks,"Daz Studio 3D render of a 42-year-old American Black female film actor, plain flat grey background, head and shoulders portrait, front-facing, neutral expression. Detailed skin texture, professional studio lighting. Total Extreme Wrestling character portrait style, generic character creator style.",Status
